epoch,lr,time,loss
0,3.125e-05,12:33:50,5.616787433624268
1,6.25e-05,12:33:50,5.615182399749756
2,0.000125,12:33:51,5.61200213432312
3,0.00025,12:33:51,5.605792999267578
4,0.0005,12:33:52,5.59319543838501
5,0.001,12:33:53,5.567245960235596
6,0.001,12:33:54,5.523004531860352
7,0.001,12:33:56,5.471588611602783
8,0.001,12:33:58,5.4065468311309814
9,0.001,12:34:00,5.318778991699219
